cluster_id,cluster_size,centroid_row_index,centroid_smiles
0,17,1407,CC1=C(C(=O)CC1OC(=O)[C@@H]2[C@H](C2(C)C)C=C(C)C)CC=C
1,16,519,CN(C)C(=O)Nc1ccc(Cl)c(Cl)c1
2,15,25,CCNc1nc(NC(C)C)nc(SC)n1
3,14,1505,Cc1cc(Cl)ccc1OCC(O)=O
5,12,1504,CC(Oc1ccc(Cl)cc1Cl)C(O)=O
6,11,968,COc1nc(C)nc(NC(=O)N[S](=O)(=O)c2ccccc2C(O)=O)n1
8,10,1486,CC1(C(C1C(=O)O[C@H](C#N)C2=CC(=CC=C2)OC3=CC=CC=C3)C=C(Cl)Cl)C
9,10,1222,CCO[P](=S)(OCC)Oc1cc(C)nc(n1)N(CC)CC
10,10,864,ClC1C(Cl)C(Cl)C(Cl)C(Cl)C1Cl
14,9,970,CNC(=O)Oc1cc(C)c(N(C)C)c(C)c1
11,9,1408,CC(C)=CC1C(C(=O)OCc2coc(Cc3ccccc3)c2)C1(C)C
12,9,1268,CC1=C(C(=CC=C1)C)N([C@H](C)C(=O)OC)C(=O)COC
17,8,757,C[C@H](C(=O)O)OC1=CC=C(C=C1)OC2=C(C=C(C=N2)C(F)(F)F)Cl
16,8,1141,Clc1ccc(cc1)C(c2ccc(Cl)cc2)C(Cl)(Cl)Cl
18,8,261,CC(C)OC(=O)Nc1cccc(Cl)c1
4,8,1501,OC(=O)CCCOc1ccc(Cl)cc1Cl
19,7,1447,CCCN(CCC)c1c(cc(cc1[N+]([O-])=O)C(F)(F)F)[N+]([O-])=O
22,7,1050,Clc1ccc(O[S](=O)(=O)c2ccc(Cl)cc2)cc1
23,7,1023,[O-][N+](=O)c1ccc(Oc2ccc(cc2Cl)C(F)(F)F)cc1
25,7,977,CNC(=O)Oc1ccccc1C(C)C
26,6,1521,CC(C)=CCNc1ncnc2nc[nH]c12
29,6,1464,CC(C)(C)[C@H](O)\C(=C/c1ccc(Cl)cc1)n2cncn2
35,6,1016,COc1cc(OC)nc(NC(=O)N[S](=O)(=O)c2ncccc2C(=O)N(C)C)n1
34,6,1115,CNC(=O)CS[P](=S)(OC)OC
33,6,1323,CNC(=O)N(C)C1=NN=C(S1)S(=O)(=O)N(C)C
32,6,1351,CC(C)(C)C(O)(CCc1ccc(Cl)cc1)Cn2cncn2
31,6,1425,CCO[P](=S)(OCC)SCN1N=Nc2ccccc2C1=O
30,6,1430,CCO[P](=S)(OC)Oc1cc(Cl)c(Cl)cc1Cl
41,6,234,OC(=O)C1(O)c2ccccc2c3ccc(Cl)cc13
42,6,10,CCc1cccc(CC)c1N(COC)C(=O)CCl
38,6,787,CC(C)C1(C)N=C(NC1=O)c2ncc(C)cc2C(O)=O
7,6,1514,CC(Oc1ccc(Cl)c(Cl)c1)C(O)=O
49,5,983,CNC(=O)Nc1cc(on1)C(C)(C)C
43,5,1381,ClC1=C(Cl)C2(Cl)C3CO[S](=O)OCC3C1(Cl)C2(Cl)Cl
44,5,1198,NC1=C(Cl)C(=O)N(N=C1)c2ccccc2
45,5,1169,CCCC1COC(Cn2cncn2)(O1)c3ccc(Cl)cc3Cl
48,5,1042,Clc1ccccc1Cl
50,5,753,COc1cc(OC)nc(NC(=O)N[S](=O)(=O)c2n(C)nc(Cl)c2C(O)=O)n1
21,5,1293,CCNc1nc(Cl)nc(NCC)n1
13,5,985,CON(C)C(=O)Nc1ccc(Cl)cc1
69,4,871,CCOC1=NN(CS[P](=S)(OC)OC)C(=O)S1
66,4,1079,Clc1ccc(Cl)cc1
58,4,1415,CC(C)N(C(C)C)C(=O)SCC(Cl)=C(Cl)Cl
60,4,1338,CCO[P](=S)(OC(C)C)Oc1cnc(nc1)C(C)(C)C
61,4,1249,Cc1ccc2nc3SC(=O)Sc3nc2c1
62,4,1242,CO[P](=S)(OC)Oc1cnc2ccccc2n1
65,4,1111,CCO[P](=O)(OCC)N=C1SCCS1
68,4,947,CO[P](=S)(NC(C)C)Oc1ccccc1C(=O)OC(C)C
56,4,1436,Cc1ccc(O)cc1
70,4,712,Fc1cccc(F)c1c2nnc(nn2)c3ccccc3Cl
71,4,555,CCCS[P](=O)(OCC)Oc1ccc(Cl)cc1Cl
72,4,532,CCO[P](=O)(OCC)SCc1ccccc1
73,4,499,[Na+].O=C(C(c1ccccc1)c2ccccc2)C3C(=O)c4ccccc4C3=O
74,4,429,CC1(C)OC(=O)N(C1=O)c2cc(Cl)cc(Cl)c2
75,4,414,ClC1=C(Cl)C(=O)c2ccccc2C1=O
57,4,1427,COc1c(Cl)cc(Cl)c(Cl)c1C(O)=O
59,4,1371,CNC(=O)N(C)c1sc(nn1)C(F)(F)F
55,4,1488,CC(=O)CC(c1ccccc1)C2=C(O)Oc3ccccc3C2=O
20,4,1348,CCNc1nc(NC(C)(C)C)nc(OC)n1
52,4,196,ClCCOC(=O)Nc1cccc(Cl)c1
15,4,1513,OC(=O)CCCOc1ccc(Cl)c(Cl)c1
54,4,1503,O[S](=O)(=O)OCCOc1ccc(Cl)cc1Cl
46,4,1167,CC(C)Nc1nc(Cl)nc(NC(C)C)n1
120,3,886,COC(=O)NC1=NC2=CC=CC=C2N1C(=O)NCCSC
119,3,890,CC1=CC(=C(C=C1)N=CN(C)C)C.Cl
118,3,897,C1=CC=C2C(=C1)C(=C(C(=O)O2)CC3=C(C4=CC=CC=C4OC3=O)O)O
117,3,905,CC(C)Oc1cccc(NC(=O)c2ccccc2C)c1
102,3,1218,Cc1cc(C)nc(Nc2ccccc2)n1
103,3,1187,O=C1Oc2cc3occc3cc2C=C1
104,3,1170,CCC(C)OC(=O)N1CCCCC1CCO
105,3,1164,CC(C)N(C(=O)CCl)c1ccccc1
115,3,1027,C1CNC(C1)c2cccnc2
107,3,1143,COc1cc2OC(C)(C)C=Cc2cc1OC
114,3,1030,OC(=O)c1ccccc1C(=O)Nc2cccc3ccccc23
108,3,1138,CO[P](=S)(OC)SCN1C(=O)c2ccccc2C1=O
113,3,1098,CCc1ccc(cc1)C(C(Cl)Cl)c2ccc(CC)cc2
112,3,1104,CCOC(=O)NC1=CC(=CC=C1)OC(=O)NC2=CC=CC(=C2)C
110,3,1136,CC(=O)OC(c1ccc(Cl)c(Cl)c1)C(Cl)(Cl)Cl
111,3,1135,CC(C)(C)C(=O)C1C(=O)c2ccccc2C1=O
122,3,855,CC1=C(C=CC=C1C2=CC=CC=C2)COC(=O)[C@@H]3[C@@H](C3(C)C)/C=C(/C(F)(F)F)\Cl
121,3,870,CC(OC(=O)COC1=C(C=C(C=C1)Cl)Cl)P(=O)(OC)OC
141,3,263,CO[P](=S)(OC)Oc1nc(Cl)c(Cl)cc1Cl
123,3,843,C[S](=O)(=O)c1cc(ccc1C(=O)c2cnoc2C3CC3)C(F)(F)F
124,3,830,CC(C)N1C(=O)NC(=C(Br)C1=O)C
139,3,311,CCO[P](=S)(OCC)Oc1ccc2C3=C(CCCC3)C(=O)Oc2c1
142,3,252,CC(C)OC(=O)C(O)(c1ccc(Cl)cc1)c2ccc(Cl)cc2
146,3,157,CSC(=O)c1cccc2nnsc12
147,3,94,CC(C)N1C(=O)c2ccccc2N[S]1(=O)=O
138,3,372,CC1(C)[C@H]2CC[C@@]1(C)C(=O)C2
100,3,1244,OC(=O)c1c(Cl)ccc2cc(Cl)cnc12
137,3,383,CCOCCOCCOC(=O)Nc1[nH]c2ccccc2n1
135,3,452,Fc1cccc(F)c1C(=O)NC(=O)Nc2ccc(Cl)cc2
133,3,530,Cc1ccc(NC(=O)NC(C)(C)c2ccccc2)cc1
131,3,596,OC(c1ccc(Cl)cc1)(c2cncnc2)c3ccccc3Cl
129,3,635,CCO[P](=S)(OCC)Oc1ccc(SC)c(C)c1
140,3,291,CC1(C)CON(Cc2ccccc2Cl)C1=O
128,3,643,C[C@@H](N(c1ccc(F)c(Cl)c1)C(=O)c2ccccc2)C(O)=O
127,3,662,FC(F)(F)c1cccc(Oc2ncccc2C(=O)Nc3ccccc3)c1
125,3,783,Clc1ccc(C(Cn2ccnc2)OCC=C)c(Cl)c1
101,3,1226,[O-][N+](=O)c1ccc(NC(=O)NCc2cccnc2)cc1
109,3,1137,CC1CCC(C(O)C1)C(C)(C)O
99,3,1260,CCN(CC)C(=O)c1ccccc1
86,3,1409,CC1(C)C(C=C(Cl)Cl)C1C(=O)OCc2cccc(Oc3ccccc3)c2
24,3,995,CNC(=O)Oc1cccc(C)c1
37,3,832,CC(C)c1ccc(NC(=O)N(C)C)cc1
40,3,240,COc1cc(Oc2ccc(Cl)cc2Cl)ccc1[N+]([O-])=O
47,3,1165,CCC(=O)Nc1ccc(Cl)c(Cl)c1
98,3,1261,C1C[n+]2ccccc2c3cccc[n+]13
77,3,1511,Cc1ccc(N)cc1Cl
79,3,1498,Oc1ccccc1c2ccccc2
80,3,1485,CCO[P](=S)(OCC)Oc1ccccc1
81,3,1480,CN1C=CSC1=Nc2ccc(C)cc2C
82,3,1471,CCCSC(=O)N(CCC)CCC
83,3,1469,COCC(=O)N(C1CCOC1=O)c2c(C)ccc(Cl)c2C
84,3,1459,CN(C)C1CSSSC1.Cl
85,3,1413,CC(C)(C)C(O)C(Oc1ccc(Cl)cc1)n2cncn2
78,3,1499,OC(=O)c1c(Cl)ccc(Cl)c1Cl
93,3,1315,CCN(CC)C(=S)SC(=S)N(CC)CC
88,3,1389,[nH]1c2ccccc2nc1c3cscn3
89,3,1387,COC(=O)NC(=S)Nc1ccccc1NC(=S)NC(=O)OC
90,3,1383,CCSCCS[P](=S)(OC)OC
91,3,1378,CCN(CC)C(=O)SCc1ccc(Cl)cc1
92,3,1360,Clc1ccc(Sc2cc(Cl)c(Cl)cc2Cl)cc1
97,3,1280,CN1C=C(C(=N1)C(F)F)C(=O)NC2=CC=CC=C2C3CC3C4CC4
94,3,1299,CCCC(C)C(=O)Nc1ccc(C)c(Cl)c1
95,3,1291,CC1=C(SC(=C1C(=O)NCC=C)[Si](C)(C)C)C
87,3,1402,CN(C)[S](=O)(=O)N(SC(F)(Cl)Cl)c1ccc(C)cc1
96,3,1285,CNC(=O)Oc1cccc2ccccc12
250,2,800,C[C@@H]1CC(C2=C1C(=CC=C2)NC(=O)C3=CN(N=C3C(F)F)C)(C)C
252,2,780,OC(=O)CCCc1c[nH]c2ccccc12
264,2,730,CCOC(=O)[C@H](C)OC(=O)C1=C(C=CC(=C1)OC2=C(C=C(C=C2)C(F)(F)F)Cl)Cl
249,2,814,CCCCN(CCC(=O)OCC)C(C)=O
248,2,818,CC(C)CNC(=O)N1CCNC1=O
253,2,777,CC1=CC(=O)NO1
247,2,824,CC(C)C1=C(C=C(C=C1)Cl)CN(C2CC2)C(=O)C3=C(N(N=C3C(F)F)C)F
246,2,834,CC(C)C(O)(c1ccc(Cl)cc1)c2cncnc2
266,2,706,Nc1c(Cl)c(F)nc(OCC(O)=O)c1Cl
256,2,760,CN(C)c1nc(nc(n1)N(C)C)N(C)C
254,2,773,Nc1nc(NC2CC2)nc(N)c1C#N
255,2,769,O=C(N1CCCCCC1)c2ccccc2
257,2,751,COC1=C(C=CC(=C1F)C2=NC(=C(C(=C2)N)Cl)C(=O)O)Cl
258,2,749,OCC(O)[C@H]1OC2O[C@@H](O[C@@H]2[C@H]1O)C(Cl)(Cl)Cl
259,2,748,OC(CF)CF.OC(CF)CCl
261,2,738,FC(F)(F)CO[C@H]1CC[C@@](Cn2cncn2)(O1)c3ccc(Cl)cc3Cl
262,2,735,CCCCOC(=O)N(C)SN(C)C(=O)Oc1cccc2CC(C)(C)Oc12
263,2,734,CC1CC2=C(O1)C(=C(C=C2)C(=O)NN(C(=O)C3=CC(=CC(=C3)C)C)C(C)(C)C)C
243,2,847,CCC(C)(CC)c1cc(NC(=O)c2c(OC)cccc2OC)on1
265,2,714,CC(C)N(C(=O)COc1sc(nn1)C(F)(F)F)c2ccc(F)cc2
245,2,838,CC(C)CC(=O)N1CC(=O)N(C1=O)c2cc(Cl)cc(Cl)c2
233,2,923,CC1(C)CCC(Cc2ccc(Cl)cc2)C1(O)Cn3cncn3
241,2,857,CCN1C(=CC(=O)C(=C1C2=CC=C(C=C2)Cl)C(=O)O)C
240,2,859,C(Nc1ncnc2nc[nH]c12)c3occc3
221,2,1020,Nc1n(ncc1[N+]([O-])=O)c2c(Cl)cc(cc2Cl)C(F)(F)F
222,2,1015,Clc1ccc(cc1)c2ccccc2NC(=O)c3cccnc3Cl
223,2,1014,Oc1ccc(Cl)cc1C(=O)Nc2ccc(cc2Cl)[N+]([O-])=O
224,2,1008,CCN(CC)C(=O)[C@@H](C)OC1=CC=CC2=CC=CC=C21
225,2,1003,CCO[P](=O)(OCC)ON1C(=O)c2cccc3cccc(C1=O)c23
226,2,1002,NC(=O)Cc1cccc2ccccc12
227,2,997,CCCCC(Cn1cncn1)(C#N)c2ccc(Cl)cc2
228,2,988,CC1=NC(=NC=C1)NC(=O)NS(=O)(=O)C2=CC=CC=C2C(=O)OC
229,2,979,CCCC(CC)(CCC)C(=O)NC
230,2,966,CSC1=NN=C(C(=O)N1N)C(C)(C)C
231,2,953,CC1=C(SC=C1)C2=NOC(C2)(C)COCC3=C(C=CC=C3F)F
232,2,930,CNC(=O)N(C)c1sc2ccccc2n1
268,2,704,FC(F)(F)c1cccc(c1)N2CC(CCl)C(Cl)C2=O
234,2,910,Cc1ccc2Sc3ccc(C)cc3Sc2c1
235,2,898,CO[P](=S)(OC)SCc1nc(N)nc(N)n1
236,2,896,CC(=O)Nc1cc(N[S](=O)(=O)C(F)(F)F)c(C)cc1C
237,2,895,CC(CN1C=NC=N1)(C2=C(C=C(C=C2)OC3=CC=C(C=C3)Cl)C(F)(F)F)O
238,2,867,CCOC1=CC(=NC(=N1)C(C)C)OP(=S)(OC)OC
239,2,863,COc1ccc(cc1NNC(=O)OC(C)C)c2ccccc2
267,2,705,FC(F)(F)c1[nH]c2cc(Cl)cnc2n1
283,2,585,CCOc1snc(n1)C(Cl)(Cl)Cl
270,2,688,Fc1ccc(cc1)N2C(=O)C(=C(Cl)C2=O)Cl
297,2,438,CC(=C)C(=O)Nc1ccc(Cl)c(Cl)c1
298,2,434,CCOc1nc(F)cc2nc(nn12)[S](=O)(=O)Nc3c(Cl)cccc3Cl
300,2,404,CC(=O)Nc1ccc(OCCOCCOc2ccc(NC(C)=O)cc2)cc1
301,2,390,CC[S](=O)(=O)CCS[P](=O)(OC)OC
322,2,42,CCN(C)C1=CC=C(C=C1)/C(=C(\C#N)/C(=O)OCC)/N
321,2,73,CC[C@@H](C(=O)NCC1=CC=CC=C1)OC2=CC(=C(C=C2)F)C(F)(F)F
320,2,110,CCN(OC(=O)c1ccccc1)C(=O)c2c(OC)ccc(Cl)c2OC
303,2,375,OC(=O)c1c(Cl)c(Cl)c(C(O)=O)c(Cl)c1Cl
319,2,113,CNC(=O)Nc1sc2ccccc2n1
305,2,341,C[C@H]1C[C@H](C)C(=O)[C@@H](C1)[C@H](O)CC2CC(=O)NC(=O)C2
318,2,147,ClC1=C(Cl)C2(Cl)C(CBr)CC1(Cl)C2(Cl)Cl
306,2,333,CC1=CC(=CC(=C1NC(=O)C2=CC(=NN2C3=C(C=CC=N3)Cl)Br)C(=O)NC)C#N
316,2,178,COC(=O)Nc1ccc(cc1)[S](=O)(=O)NC(=O)OC
307,2,326,CC(C)(C1=CC=CC=C1)NC(=O)NCC2=CC=CC=C2Cl
315,2,187,CC1=C(SCCO1)C(=O)Nc2ccccc2
314,2,197,O=Nc1ccc(NNC(=O)c2ccccc2)cc1
308,2,295,CC1=C(Cl)C(=O)C(=C(C)N1)Cl
310,2,282,CCCCN1CCCC1=Nc2ccc(Cl)c(Cl)c2
219,2,1028,CN(C)C(=O)NC1CC2CC1C3CCCC23
312,2,258,Clc1ccc(cc1)N2C(=O)C3=C(CCCC3)C2=O
323,2,39,CC1=NC(=C(C=C1)C(=O)OCC2=CC=C(C=C2)OC3=NC=C(S3)C)N
295,2,466,Clc1cc(Cl)cc(c1)N2C(=O)CCC2=O
271,2,681,Fc1ccc(SCc2ccc(Cl)cc2)cc1
293,2,477,COP(=O)(OC)O/C(=C\Cl)/C1=C(C=C(C=C1)Cl)Cl
272,2,679,COC1=C(C(=C(C(=C1F)F)C(=O)NCC2=C(C=C(C=N2)C(F)(F)F)Cl)F)F
273,2,676,COC1=C(C=C(C=C1)C(=CC(=O)N2CCOCC2)C3=CC=C(C=C3)F)OC
274,2,656,FCCOC(=O)Cc1ccc(cc1)c2ccccc2
275,2,641,Nc1n(nc(C#N)c1[S](=O)C(F)(F)F)c2c(Cl)cc(cc2Cl)C(F)(F)F
276,2,636,CC(Oc1ccc(Oc2sc3cc(Cl)ccc3n2)cc1)C(O)=O
277,2,629,CC1=CC(=O)C(=NN1c2ccc(Cl)cc2)C([O-])=O
278,2,627,CC(CN1C[C@H](C)O[C@H](C)C1)Cc2ccc(cc2)C(C)(C)C
279,2,620,CC(Oc1ccc(Oc2oc3cc(Cl)ccc3n2)cc1)C(O)=O
280,2,592,[Na+].[O-]C(=O)Cc1c(Cl)ccc(Cl)c1Cl
281,2,590,CO[P](=S)(OC)Oc1ccc(cc1)[S](=O)(=O)N(C)C
282,2,587,CCOC(=S)SSC(=S)OCC
284,2,583,CCOCOC1=CC=C(C=C1)C(=O)NC2=C(C(=CC=C2)Cl)Cl
285,2,571,CCCS[P](=O)(OCC)SCCC
287,2,536,CCO[P](=O)(Sc1ccccc1)Sc2ccccc2
288,2,533,CCO[P](=O)(SC(C)CC)SC(C)CC
289,2,522,Cc1cc(cc(c1O)[N+]([O-])=O)[N+]([O-])=O
290,2,505,CC1(C)OCC2OC3(OC(C)(C)OC3C2O1)C(O)=O
291,2,501,CN(C)C(=O)C(c1ccccc1)c2ccccc2
292,2,492,CCC(C)c1cc(cc(c1O)[N+]([O-])=O)[N+]([O-])=O
220,2,1026,CNC1=C(Cl)C(=O)N(N=C1)c2cccc(c2)C(F)(F)F
294,2,470,CC1=CSC(=C1N([C@@H](C)COC)C(=O)CCl)C
218,2,1029,FC(OC(F)(F)F)C(F)(F)Oc1ccc(NC(=O)NC(=O)c2c(F)cccc2F)cc1Cl
181,2,1273,O=C(NN=C1SCCS1)c2ccccc2
162,2,1434,OC(=O)COc1nc(Cl)c(Cl)cc1Cl
163,2,1421,CCCCn1cnnc1
164,2,1404,Clc1c(Cl)c(C#N)c(Cl)c(C#N)c1Cl
165,2,1398,CCc1nn(C)c(C(=O)NCc2ccc(Oc3ccc(C)cc3)cc2)c1Cl
166,2,1393,CCC(C)N(C(C)CC)C(=O)SCc1ccccc1
167,2,1373,CCOP(=O)(OCC)SC1CCSC2=C1C=C(C=C2)Cl
168,2,1365,CC1NC(C)N(CCN2C(C)NC(C)SC2=S)C(=S)S1
169,2,1357,Clc1ccc(cc1)[S](=O)(=O)c2cc(Cl)c(Cl)cc2Cl
170,2,1356,FC(F)C(F)(F)OCC(Cn1cncn1)c2ccc(Cl)cc2Cl
171,2,1350,CNC(=O)Oc1c(cc(C)cc1C(C)(C)C)C(C)(C)C
172,2,1342,CCO[P](=O)(OCC)O[P](=O)(OCC)OCC
173,2,1339,CC(C)N(Cc1ccccc1)C(=O)C(C)(C)C
174,2,1332,ClC(Cl)C(c1ccc(Cl)cc1)c2ccc(Cl)cc2
175,2,1319,CCO[P](=S)(OCC)O[P](=S)(OCC)OCC
176,2,1310,CCN(CC)C(=S)SCC(Cl)=C
177,2,1309,C[S](=O)(=O)c1ccc(c(Cl)c1)C(=O)C2C(=O)CCCC2=O
178,2,1298,COCCOC1=CC=CC2=C1C(=O)C(=NN2C3=CC=C(C=C3)Cl)C(=O)O
161,2,1435,COC(=O)N(C1=CC=CC=C1COC2=NC(=C(C=C2Cl)Cl)Cl)OC
160,2,1455,ClC(Cl)(Cl)C(NC=O)N1CCOCC1
159,2,1473,Clc1cccc(COc2ccccc2C(=C)n3ccnc3)c1
143,2,215,Clc1ccc(NC(=O)NC(=O)c2ccccc2Cl)cc1
217,2,1041,CCN(CC)C(=O)SCc1ccccc1Cl
28,2,1507,OC(=O)COc1cc(Cl)c(Cl)cc1Cl
51,2,241,[O-][N+](=O)c1ccc(Oc2c(Cl)cc(Cl)cc2Cl)cc1
53,2,150,CO[P](=S)(OC)Oc1cc(Cl)c(Br)cc1Cl
63,2,1217,CCN(CC)C1=NC(=CC(=N1)OP(=O)(NC)OC)C
64,2,1159,CNC(=O)Oc1cc(C)cc(c1)C(C)C
132,2,562,CCSC(=O)N(CC)CC
148,2,1519,OCCc1ccc(O)cc1
157,2,1478,CC(c1cc(C)ccc1C)[S](=O)(=O)c2cccc[n+]2[O-]
149,2,1515,Nc1ccncc1
150,2,1510,OC(=O)c1cc(Cl)ccc1Cl
151,2,1497,CCCCCCCCSCCO
153,2,1491,CCN(CC)C(=O)n1cnc(n1)[S](=O)(=O)c2c(C)cc(C)cc2C
154,2,1490,CC1=C(N(N=C1C2=CC=CC=C2)C)OCC3=CC=CC=C3N(C(=O)OC)OC
155,2,1484,CCCCC(CC)CN1C(=O)C2C3CC(C=C3)C2C1=O
156,2,1481,CC(C)(C)N(NC(=O)c1ccccc1)C(=O)c2ccccc2
179,2,1281,[H+].[Cl-].CN=CNc1ccc(C)cc1C
152,2,1493,Oc1cccc2ccccc12
199,2,1110,CCO[P](=S)(OCC)SCN1C(=O)Oc2cc(Cl)ccc12
195,2,1166,CC(C)(C)c1ccc(OC2CCCCC2O[S](=O)OCC#C)cc1
198,2,1139,CCOc1ccc2NC(C)(C)C=C(C)c2c1
214,2,1056,OC(=O)C(=O)NC1=C(Br)C(=O)N(N=C1)c2ccccc2
200,2,1108,CCOC(=O)C(S[P](=S)(OC)OC)c1ccccc1
27,2,1516,OC(=O)COc1ccc(Cl)cc1
201,2,1105,CN(C)C(=O)N(c1ccc(Cl)c(Cl)c1)C(=O)c2ccccc2
202,2,1101,CCc1cc(CC)cc(OC(=O)NC)c1
203,2,1093,CC\C=C(/C)C(OC(=O)C1C(C=C(Cl)Cl)C1(C)C)C#N
204,2,1090,Oc1c(Cl)c(Cl)c(Cl)c(Cl)c1Cl
212,2,1063,CC[S](=O)CCS[P](=O)(OC)OC
205,2,1089,CCC(CC)Nc1c(cc(C)c(C)c1[N+]([O-])=O)[N+]([O-])=O
206,2,1082,CCCCCCCCC(O)=O
207,2,1081,Oc1c(cc(cc1[N+]([O-])=O)[N+]([O-])=O)C2CCCCC2
211,2,1064,CC[S](=O)CC(C)S[P](=O)(OC)OC
208,2,1076,C[n+]1ccc(cc1)c2cc[n+](C)cc2
209,2,1075,CN(C)C(=O)Nc1ccc(cc1)C(F)(F)F
215,2,1053,CC(C)Oc1cc(N2N=C(OC2=O)C(C)(C)C)c(Cl)cc1Cl
210,2,1068,C1CS(=O)(=O)C(=CS1(=O)=O)C2=CC=CC=C2
186,2,1245,Clc1ccc(N2C(=O)c3ccccc3N=C2n4cncn4)c(Cl)c1
182,2,1272,CC(C)N(C)S(=O)(=O)NC(=O)C1=CC(=C(C=C1Cl)F)N2C(=O)C=C(N(C2=O)C)C(F)(F)F
183,2,1271,COc1cc2OC[C@H]3Oc4c5C[C@@H](Oc5ccc4C(=O)[C@H]3c2cc1OC)C(C)=C
194,2,1176,CC(C)(NC(=O)c1cc(Cl)cc(Cl)c1)C#C
184,2,1269,CCNC1=C(C=C(C=C1)SC#N)Cl
193,2,1202,Cn1nc(C)c(C(=O)c2ccc(Cl)cc2Cl)c1OCC(=O)c3ccccc3
192,2,1212,CCO[P](=S)(OCC)OC1=NN(C(=O)C=C1)c2ccccc2
191,2,1213,Clc1nc(Cl)c(C#N)c(c2ccccc2)c1C#N
190,2,1219,CN(C)C(=O)Oc1nc(nc(C)c1C)N(C)C
189,2,1221,CC(=NOC)C1=C(C(=CC=C1)OC2=NC(=CC(=N2)OC)OC)C(=O)O
185,2,1256,C[C@@H](Oc1ccc(Oc2cnc3cc(Cl)ccc3n2)cc1)C(O)=O
216,2,1048,COc1ccc2C=CC(=O)Oc2c1CC=C(C)C
188,2,1230,C[C@@]1(CC(ON1C)C2=CC=C(C=C2)Cl)C3=CN=CC=C3
187,2,1238,C1CCN2C(=O)SC(=NC3=CC(=C(C=C3F)Cl)SCC(=O)O)N2C1
687,1,546,CCC(CCOc1ccc(CC)cc1)CCC2OC2(C)CC
688,1,542,COC1=COC(=CC1=O)CS[P](=O)(OC)OC
690,1,527,CC\1=NOC(=O)C1=N\Nc2ccccc2Cl
686,1,547,Fc1ccc(cc1)[C@@]2(Cn3cncn3)O[C@H]2c4ccccc4Cl
685,1,548,CCCN(CC)C(=O)n1cnc(n1)[S](=O)(=O)CCC
689,1,538,CCSc1ccc(OC(=O)NC)cc1
695,1,514,O=C1C2=C(SC(=C(S2)C#N)C#N)C(=O)c3ccccc13
691,1,524,C#CCCCOc1ccc(Oc2ccccc2)cc1
692,1,523,CC1CN(CC(C)O1)C2CCCCCCCCCCC2.CC(O)=O
694,1,517,CSC(=O)c1c(CC(C)C)c(C(=O)SC)c(nc1C(F)F)C(F)(F)F
696,1,513,CCO[P](=S)(OCC)N1C(=O)c2ccccc2C1=O
684,1,556,CCC1=C(SC(=N1)NCC)C(=O)NC(C#N)C2=CC=CS2
693,1,521,CO[P](=S)(NC(C)C)Oc1ccc(Cl)cc1Cl
728,1,431,C[C@H](C1=C(C=C(C=C1)Cl)Cl)NC(=O)C(C#N)C(C)(C)C
674,1,593,CSC1=N[C@](C)(C(=O)N1Nc2ccccc2)c3ccccc3
683,1,561,CCSCc1ccccc1OC(=O)NC
682,1,565,CCCCC1=C(C)NC(=NC1=O)NCC
665,1,609,CC1(CCCCC1)C(=O)Nc2ccc(O)c(Cl)c2Cl
666,1,608,Cc1occc1C(=O)Nc2ccccc2
667,1,605,CC(C)C[C@](C)(CC1=CC=CC=C1)NC(=O)C2=CN=C3C(=C2)C=CC=C3F
668,1,604,Clc1cc(Cl)nc(n1)c2ccccc2
669,1,601,OC(=O)c1nn(c2ccc(Cl)cc2Cl)c(n1)C(Cl)(Cl)Cl
670,1,599,CC(C)(C)c1ccc(CCOc2ncnc3ccccc23)cc1
671,1,598,FC(F)(F)c1nc2cc(Cl)c(Cl)cc2n1C(=O)Oc3ccccc3
672,1,597,CC1=C(C=CC(=C1)Cl)OCC(=O)NC2=CC=C(C=C2)S(=O)(=O)NC(=O)OC
673,1,595,CCCCC(Cn1ccnc1)(C#N)c2ccccc2
698,1,503,O=[S](=O)(c1ccccc1)c2ccccc2
675,1,589,CC1(OC(=O)N(Nc2ccccc2)C1=O)c3ccc(Oc4ccccc4)cc3
676,1,584,CCOc1cc(ccc1C2COC(=N2)c3c(F)cccc3F)C(C)(C)C
677,1,581,CCOCc1cc(cc(c1O)[N+]([O-])=O)[N+]([O-])=O
678,1,575,CCOC(=O)Cc1[nH]nc2ccc(Cl)cc12
679,1,574,CCOC1=CC=CC=C1OS(=O)(=O)NC(=O)NC2=NC(=CC(=N2)OC)OC
680,1,569,CCCC(O)C(CC)CO
681,1,568,CCOC1Oc2ccc(O[S](C)(=O)=O)cc2C1(C)C
697,1,508,CN1C(=O)C2=C(C1=O)SC3=C(S2)C(=O)N(C3=O)C
709,1,476,COC(=O)c1ccccc1C(=O)OC
699,1,502,N(c1ccccc1)c2ccccc2
724,1,442,CCN(CC)C(=O)C[N+]1=CC=C(C=C1)C2=CC=[N+](C=C2)CC(=O)N(CC)CC
719,1,458,CN(C)[S](=O)(=O)n1c(nc2c(Br)cc(cc12)C(F)(F)F)C#N
720,1,456,CCC(C1=CC=C(C=C1)OC(F)F)NC2=NC=NC(=C2Cl)C
721,1,455,C/C(=N\NC(=O)NC1=CC(=CC(=C1)F)F)/C2=C(C=CC=N2)C(=O)O
722,1,450,Cn1c(cc(c2ccccc2)[n+]1C)c3ccccc3
723,1,444,CCOc1ccc(NC(=O)OC(C)C)cc1OCC
663,1,613,C[N+]1=C2N([C@H](CS2)C3=CN=C(S3)Cl)C(=O)C(=C1[O-])C4=CC=CC=C4
725,1,441,CC1(C)CN2C(=O)CCC2(C)N(C1)C(=O)C(Cl)Cl
717,1,461,CC(C)(SC(=O)N1CCCCC1)c2ccccc2
733,1,410,C1=CC=C2C(=C1)C(=NS2(=O)=O)OCC3=C(C(=NS3)Cl)Cl
732,1,411,CC(C(=O)OC)OC1=CC=C(C=C1)CC2=C(C=C(C=C2)Cl)Cl
731,1,419,CNC(=O)OCc1ccc(Cl)c(Cl)c1
730,1,425,Oc1ccc(Cl)cc1Cc2cc(Cl)ccc2O
729,1,430,CC(C)(C)C(O)C(Cc1ccc(Cl)cc1Cl)n2cncn2
726,1,435,OC(c1ccc(Cl)cc1)(c2ccc(Cl)cc2)C(Cl)(Cl)Cl
718,1,459,CN(C)C(=O)Nc1ccc(N2N=C(OC2=O)C(C)(C)C)c(Cl)c1
716,1,462,CC1=CC(=CC(=C1)[C@H]2CN(C(=O)[C@@H]2C(=O)NC3=C(N(N=C3)C)Cl)C)C
700,1,496,CNC(=O)Oc1ccccc1C2OCCO2
707,1,479,COC1=C(C(=O)N(N=C1)C2=CC=CC=C2)OC
701,1,495,CO[P]1(=S)OCc2ccccc2O1
702,1,494,CC[C@H]1OC[C@@H](COc2ccc(Oc3ccccc3)cc2)O1
703,1,490,CC1=C(C(=C(C=C1[N+](=O)[O-])[N+](=O)[O-])O)C(C)C
704,1,489,CCN(CC)c1c(cc(c(N)c1[N+]([O-])=O)C(F)(F)F)[N+]([O-])=O
705,1,481,CCN(C1=CN=NC=C1)C(=O)C2=C(N(N=C2)C(C)C(C)C)C
706,1,480,CC1=CC(=C(C=C1)C)OCC2=CC=CC=C2/C(=N\OC)/C(=O)NC
708,1,478,CN(C)C(=O)Oc1cc(C)n(n1)C(=O)N(C)C
715,1,463,CC1(CN(C1=O)CC2=CC=CC=C2NS(=O)(=O)C(F)(F)F)C
727,1,433,Cc1c(Cl)cc(cc1Cl)C2=NNC(=O)C=C2
710,1,475,CC(C)=CC1C(C(=O)OCc2ccc(C)cc2C)C1(C)C
711,1,472,CCCCC1=C(C)NC(=NC1=O)N(C)C
712,1,471,CC1=C(C)[S](=O)(=O)CC[S]1(=O)=O
713,1,467,COCCN(C(=O)CCl)c1c(C)cccc1C
714,1,465,CN(C)C(=O)OC1=CC(=O)CC(C)(C)C1
664,1,612,CCCC(=O)c1ccccc1O
627,1,694,CC(C)OC(=O)c1cc(ccc1Cl)N2C(=O)C=C(N(C)C2=O)C(F)(F)F
662,1,616,CN(C)C(=O)SCCCCOc1ccccc1
607,1,731,C1COC(O1)c2occc2
609,1,726,CC12CCCC(C)(OC1)O2
610,1,724,CCO[P](=O)(SC(C)CC)N1CCSC1=O
611,1,722,CO[P](=S)(OC)SCC(=O)N(C)C=O
612,1,721,[H+].[Cl-].CNC(=O)Oc1cccc(c1)N=CN(C)C
613,1,720,Clc1cc(NC(=O)Nc2ccccc2)ccn1
614,1,719,CCO[P](=S)(CC)Sc1ccccc1
615,1,718,FC(F)(F)C(=N/OCC1OCCO1)/c2ccc(Cl)cc2
616,1,717,CN1C=C(C(=N1)C(F)F)C(=O)NC2=CC=CC=C2C3=CC(=C(C(=C3)F)F)F
617,1,716,OC(Cn1cncn1)(c2ccc(F)cc2)c3ccccc3F
618,1,711,CCCS(=O)C1=C(C=CC(=C1F)C(=O)NC2=NN=C(O2)C)C(F)(F)F
619,1,710,[O-][N+](=O)c1ccc(N[S](=O)(=O)c2ccc(Cl)c(c2)C(F)(F)F)c(Cl)c1
620,1,709,C[Si](Cn1cncn1)(c2ccc(F)cc2)c3ccc(F)cc3
621,1,708,CNC1=C(C(=O)C(O1)c2ccccc2)c3cccc(c3)C(F)(F)F
622,1,703,CN1C=C(c2ccccc2)C(=O)C(=C1)c3cccc(c3)C(F)(F)F
623,1,700,FC(F)(F)c1nc(Cl)sc1C(=O)OCc2ccccc2
608,1,727,[nH]1c2ccccc2nc1c3occc3
606,1,732,COC(=O)C(C)N(C(=O)c1occc1)c2c(C)cccc2C
661,1,617,CN1C(=C(C(=O)Nc2ccc(Cl)c(Cl)c2)C(=O)N(C)C1=O)O
605,1,733,CC1OC(C)(C)c2cccc(NC(=O)c3c(C)nn(C)c3Cl)c12
590,1,772,C[C@H]1C(SC(=O)N1C(=O)NC2CCCCC2)c3ccc(Cl)cc3
591,1,771,CCO[P](=O)(OC1CCCCC1)SCC
592,1,770,CN(C)C1=NC(=O)N(C2CCCCC2)C(=O)N1C
593,1,767,CCCCC(O)(Cn1cncn1)c2ccc(Cl)cc2Cl
594,1,766,Oc1c(Cl)cc(Cl)c(Cl)c1Cc2c(O)c(Cl)cc(Cl)c2Cl
595,1,763,CCCS[P](=O)(OCC)Oc1ccccc1
596,1,762,CO[P](=O)(OC)OC1=C(Cl)C2C=CCC12
597,1,761,CN(C)[P](=O)(N(C)C)N(C)C
598,1,754,FC1=C(Cl)C(=O)C(=C(F)N1)Cl
599,1,750,COC1CC(=O)C[C@@H](C)[C@]12Oc3c(Cl)c(OC)cc(OC)c3C2=O
600,1,746,Clc1ccc(O[S](=O)(=O)c2ccccc2)c(Cl)c1
601,1,742,COC(=O)NC(=S)Nc1ccccc1N=Cc2occc2
602,1,741,CON(C1CCCCC1)C(=O)c2cc(C)oc2C
603,1,740,CC1(C)OC(CN1C(=O)C(Cl)Cl)c2occc2
604,1,736,Cc1oc(C)c(c1)C(=O)Nc2ccccc2
624,1,699,COCCOC(=O)C1=CN(C2=CC(=C(C=C2C1=O)F)Cl)C3CC3
625,1,696,CCOP(=S)(OCC)OC1=CC(=NN1C2=CC=CC=C2)C(F)(F)F
626,1,695,C1C(=CC(=O)O1)N(CC2=CN=C(C=C2)Cl)CC(F)F
735,1,407,CCCCOC(=O)c1ccccc1C(=O)OCCCC
646,1,653,FC(F)(F)c1cc(NC(=O)Nc2ccc(Cl)c(c2)C(F)(F)F)ccc1Cl
647,1,652,C[C@H](C(=O)O)OC1=NC(=C(C(=C1Cl)N)Cl)F
648,1,651,COC1=NN(C(=O)N[S](=O)(=O)c2ccccc2OC(F)(F)F)C(=O)N1C
649,1,648,COC1=CC(=C(C=C1)Cl)S(=O)(=O)NC(=O)C2=CN3C=C(C=C(C3=N2)Cl)C(F)(F)F
650,1,646,COC1=NC=C(C2=NC(=NN21)S(=O)(=O)NC3=C(C=CC=C3F)F)F
651,1,645,FC(F)(F)c1ccncc1C(=O)NCC#N
652,1,640,Cc1cc(C)nc(N\N=C(\C)c2ccccc2C)n1
653,1,639,C[NH+](C)C(=O)Nc1ccccc1.[O-]C(=O)C(Cl)(Cl)Cl
654,1,637,CCN(C1CCCCC1)C(=O)N2N=NN(C2=O)c3ccccc3Cl
655,1,631,CCO[P](=S)(OCC)Oc1ccc(cc1)[S](C)=O
656,1,628,CC1=CC=CC=C1C2=C(N(N(C2=O)C(C)C)C(=O)SCC=C)N
657,1,623,Clc1cccc(c1Cl)c2c[nH]cc2C#N
658,1,622,CCOC(=O)NCCOc1ccc(Oc2ccccc2)cc1
659,1,621,CCOC1=C(C=C(C(=C1)Cl)CS(=O)(=O)C2=NOC(C2)(C)C)Cl
660,1,618,CC(C)C(C)(C#N)NC(=O)C(C)OC1=C(C=C(C=C1)Cl)Cl
645,1,654,FC1(F)Oc2cccc(c2O1)c3c[nH]cc3C#N
644,1,657,C1=C(SC(=N1)S(=O)(=O)CCC(=C(F)F)F)Cl
643,1,659,COC1=C(C=CC(=C1F)C2=NC(=C(C(=N2)N)OC)C(=O)O)C(F)(F)F
634,1,671,CC1=CC=C(C=C1)S(=O)(=O)N2C=C(C(=N)N(C2=O)C)F
628,1,693,NC(=O)c1nn(c2ccc(Cl)c(COCC(F)(F)C(F)(F)F)c2)c(n1)c3ccccc3
629,1,680,C1=CC=C(C(=C1)C(=O)NCCC2=C(C=C(C=N2)C(F)(F)F)Cl)C(F)(F)F
630,1,675,CC(Oc1cc(N2C(=O)C3=C(CCCC3)C2=O)c(F)cc1Cl)C#C
631,1,674,Fc1cc2OCC(=O)N(CC#C)c2cc1N3C(=O)C4=C(CCCC4)C3=O
632,1,673,OC(=O)COc1cc(N2C(=O)C3=C(CCCC3)C2=O)c(F)cc1Cl
633,1,672,CN1OCC(=O)N(C1=O)c2cccc(c2)C(F)(F)F
635,1,670,Cc1ccn2nc(nc2n1)[S](=O)(=O)Nc3c(F)cccc3F
642,1,660,CCC1=C(N=C(C=C1)N2C=NC(=N2)C(F)(F)F)OC3=CC=CC(=C3)C(F)(F)F
636,1,669,CCN(C)C(=O)c1ccc(cc1c2ccc(OC)c(OC)c2)C(F)(F)F
637,1,668,C1=CN=CC(=C1C(F)(F)F)C(=O)N
638,1,666,CON=C1CCC(CC1)C(C#N)S(=O)(=O)CCC(F)(F)F
639,1,664,CC1=C(C=NN(C1=O)c2cc(OCC(O)=O)c(Cl)cc2F)C(F)(F)F
640,1,663,C1=CC=C(C(=C1)NC(=O)C2=CC=C(C=C2)C3=NOC(=N3)C(F)(F)F)F
641,1,661,CC(F)c1ncnc(NCCc2ccc(OC(F)(F)F)cc2)c1Cl
734,1,409,Clc1cccc(Cl)c1C#N
772,1,314,CNC(=O)Oc1ccccc1Cl
736,1,403,CN[P](=O)(NC)Oc1ccccc1
830,1,137,ClC[S](=O)(=O)c1ccc(Br)cc1
832,1,133,Oc1c(Cl)cc(Cl)cc1Sc2cc(Cl)cc(Cl)c2O
833,1,131,C1=CC(=C(C(=C1)F)C(=O)NC(=O)NC2=CC(=CC(=C2Cl)C(F)(F)F)C(F)(F)F)F
834,1,129,S=C1NN=C(NCNC2=NNC(=S)S2)S1
835,1,128,c1ccc(cc1)c2ccccc2
836,1,117,C1CS(=O)C(=NO1)C2=CC3=CC=CC=C3S2
837,1,116,COc1ccc2cc3c4cc5OCOc5cc4CC[n+]3cc2c1OC
838,1,115,O=C(OCc1ccccc1)c2ccccc2
839,1,112,C1COC(OC1)C2=CN=CN=C2OCC3=CC=C(C=C3)C(F)(F)F
840,1,105,CCSc1ccc(N[S](C)(=O)=O)c(c1)C(F)(F)F
841,1,102,CC1=CC(=CC(=C1)C(=O)N(CC2=CC=CC=C2)C(C)C)C
842,1,99,CN(CC1=CC=CC=C1)C=C(C#N)C(=O)O
843,1,98,OC(=O)CONC(=O)c1ccccc1
844,1,97,O=C1OC(=Nc2ccccc12)c3ccccc3
845,1,95,C[C@H](C1=NC2=C(S1)C=C(C=C2)F)NC(=O)[C@H](C(C)C)NC(=O)O
846,1,91,CN(C)C(CS[S](=O)(=O)c1ccccc1)CS[S](=O)(=O)c2ccccc2
831,1,134,CN1C=C(C(=N1)C(F)F)C(=O)NC2=C(C=C(C=C2)F)C3=CC(=C(C=C3)Cl)Cl
829,1,140,CCC1OC2(C)CCCC1O2
737,1,399,CC(C)c1cc(Oc2ccccc2)cc(C(C)C)c1NC(=S)NC(C)(C)C
828,1,144,C1CC(OC1)COC(=O)OC2=C(C=C(C=C2Br)C#N)Br
813,1,186,O=C(N1CCCCCC1)N2CCCCCC2
814,1,183,CNC(=O)Oc1cccc2CC(C)(C)Oc12
815,1,175,CNC(=O)Oc1ccc(C)c(C)c1Cl
816,1,174,CN(C)C(=S)SCN1CCOCC1
817,1,168,CC(C#C)N(C)C(=O)Nc1ccc(Cl)cc1
818,1,166,CCC(C)Nc1c(cc(cc1[N+]([O-])=O)C(C)(C)C)[N+]([O-])=O
819,1,165,CCCCOC(=O)C1=CC(=O)CC(C)(C)O1
820,1,163,CN1CC(O)N(C1=O)c2sc(nn2)C(C)(C)C
821,1,162,CC(=CC1C(C1(C)C)C(=O)OCC=C(CC2=CC=CC=C2)Cl)C
822,1,159,CNC(=O)Oc1cc(cc(c1)C(C)(C)C)C(C)(C)C
823,1,158,CCCCc1c(C)nc(NCC)nc1O[S](=O)(=O)N(C)C
824,1,153,Oc1c(Br)cc(cc1Br)C#N
825,1,152,BrCC(Br)(CCC#N)C#N
826,1,148,[O-][N+](=O)c1ccc(ONC=C2C=C(Br)C(=O)C(=C2)Br)c(c1)[N+]([O-])=O
827,1,145,CC(C)(C)C(Br)C(=O)NC(C)(C)c1ccccc1
847,1,90,COc1cc(OC)nc(NC(=O)N[S](=O)(=O)Cc2ccccc2C(O)=O)n1
848,1,88,CCO[P](=S)(OCC)SCc1oc2c(Cl)cc(Cl)cc2n1
849,1,87,CC1COc2ccccc2N1C(=O)C(Cl)Cl
850,1,84,CC[S](=O)(=O)Oc1ccc2OCC(C)(C)c2c1
858,1,60,CO[P](=O)(OC)SCN1C(=O)Oc2cc(Cl)cnc12
871,1,32,COC(=O)c1cc(Cl)ccc1N[S](=O)(=O)C(F)(F)F
859,1,59,Clc1cc(Cl)c(cc1OCC#C)N2N=C3CCCCN3C2=O
588,1,778,CC1=CC(=C2CCCCC2=N1)OC(=O)N(C)C
860,1,52,CC(COc1ccc(cc1)C(C)(C)C)O[S](=O)OCCCl
870,1,33,COc1cc(OC)nc(NC(=O)N[S](=O)(=O)N(C)[S](C)(=O)=O)n1
861,1,51,C1CN1[P]2(=N[P](=N[P](=N2)(N3CC3)N4CC4)(N5CC5)N6CC6)N7CC7
869,1,35,C1CC1C2=NC(=C(C(=N2)N)Cl)C(=O)O
862,1,50,NC(=S)Nc1cccc2ccccc12
863,1,47,COC1=CC=CC(=C1)NC2=NC(=NC3=C2NC=N3)F
864,1,46,CO[P](=S)(OC)SCC(=O)N(C(C)C)c1ccc(Cl)cc1
865,1,45,Clc1nc(Cl)nc(Nc2ccccc2Cl)n1
868,1,36,Nc1cc(Cl)nc(C(O)=O)c1Cl
867,1,40,CC1=C(C2=C(N1S(=O)(=O)C3=NN(C=N3)S(=O)(=O)N(C)C)C=C(C=C2)F)Br
866,1,44,COc1ccc(cc1)C(O)(C2CC2)c3cncnc3
872,1,29,Cc1cccc(NC(=O)c2sc(N)nc2)c1
857,1,66,c1ccc(cc1)N=Nc2ccccc2
873,1,28,CC(C)C1=NN(C(=O)NC(C)(C)C)C(=O)N1N
853,1,77,CCS(=O)(=O)NC1=CC(=C(C=C1C(=S)N)F)N2C(=O)N(C(=N2)C(F)(F)F)C
851,1,80,CNC(=O)Oc1cccc2OC(C)(C)Oc12
882,1,3,CC(=O)C1=NN(C(=C1S(=O)C)N)C2=C(C=C(C=C2Cl)C(F)(F)F)Cl
881,1,6,Nc1c(Cl)c(Oc2ccccc2)ccc1[N+]([O-])=O
852,1,78,C1=CC2=C(C(=C1)Cl)SN=C2
880,1,8,CCCCCCOCN1CCCCCC1=O
879,1,12,CCCSc1ccc2nc(NC(=O)OC)[nH]c2c1
878,1,13,Nc1ncnc2n(cnc12)[C@H]3C[C@@H](CO)O3
856,1,67,CCN(CC)CCOC(=O)C(C1=CC=C(C=C1)Cl)C(C)C.Cl
854,1,76,OC(=O)CN1C(=O)Sc2cccc(Cl)c12
877,1,17,C(=C(\C(=O)O)/Cl)(\C(=O)C(Cl)(Cl)Cl)/Cl
855,1,70,CC(C)=CC1C(C(=O)OCc2cc3OCOc3cc2Cl)C1(C)C
876,1,22,CCCCCCCCC1=C(N2C(=NC=N2)N=C1CC)N
875,1,23,CCSC1=NC(=O)N(CC(C)(C)C)C(=O)N1N
874,1,27,CN(C)C1=NN=C(C(=O)N1C)C(C)(C)C
812,1,188,CC1=NN(C(=O)N1C(F)F)c2cc(CC(Cl)C(O)=O)c(Cl)cc2F
811,1,189,COC(=O)C(CN1C=NC=N1)(C2=C(C=C(C=C2)OC3=CC=C(C=C3)Cl)Cl)O
810,1,190,CCC1(C(C)C1(Cl)Cl)C(=O)NC(C)c2ccc(Cl)cc2
773,1,310,OC1=C(C2CCCc3ccccc23)C(=O)c4ccccc4O1
756,1,340,CCSC(=O)N(CC)C1CCCCC1
757,1,339,CC(C)=CC1C(C(=O)OC2CC(=O)C(=C2C)C3CCC=C3)C1(C)C
758,1,338,OC(=O)C1CC1C(=O)Nc2ccc(Cl)cc2Cl
759,1,337,Cc1oc(C)c(c1)C(=O)NC2CCCCC2
760,1,336,CSc1nc(NC2CC2)nc(NC(C)(C)C)n1
761,1,335,CCS(=O)(=O)C1=C(N=CC(=C1)C2CC2)C3=NC4=C(O3)C=CC(=C4)S(=O)C(F)(F)F
762,1,334,CN(C)[S](=O)(=O)n1c(nc(Cl)c1c2ccc(C)cc2)C#N
763,1,332,CCO[P](=O)(OCC)SCC(=O)NC(C)(C)C#N
764,1,331,CO[P](=S)(OC)Oc1ccc(cc1)C#N
765,1,330,CCO[P](=S)(Oc1ccc(cc1)C#N)c2ccccc2
766,1,327,CC1CCC2C(=CC3(O)OC12CC3=C(C)C)C
767,1,324,CC(=O)CCc1ccc(OC(C)=O)cc1
768,1,323,CN[P](=O)(OC)Oc1ccc(cc1Cl)C(C)(C)C
769,1,322,CCN(C(=O)\C=C\C)c1ccccc1C
770,1,320,CN(C)c1cc(C)nc(Cl)n1
755,1,342,C1CCN2C(=C(C(=N2)N3C(=C(C=N3)C#N)NCC4CC4)Cl)C1
754,1,343,CC1=C(C(=CC=C1)C2CC2)OC3=NN=C(C=C3OC(=O)N4CCOCC4)Cl
753,1,345,CCCC(=NOCC)C1=C(CC(CC1=O)C2CCCSC2)O
744,1,363,Nc1nc(N)nc(NC2CC2)n1
738,1,388,CO[P](=O)(OC)SCCSC
739,1,384,CNC(=O)Oc1cccc2CC(C)Oc12
740,1,377,CCN(CC)CCOc1ccc(Cl)c(Cl)c1
741,1,374,CC(CCl)OC(C)CCl
742,1,369,Clc1ccc(COC2=C(Cl)C(=O)N(N=C2)c3ccc(Cl)c(Cl)c3)cn1
743,1,368,CN(C)NC(=O)CCC(O)=O
745,1,362,COC1=CC=CC=C1C(=O)NS(=O)(=O)C2=CC=C(C=C2)C(=O)NC3CC3
752,1,346,CN(C)C(=O)NC1CCCCCCC1
746,1,361,Clc1ccc(NC(=O)C2CC2)cc1Cl
747,1,360,CON(CC1=CC=C(C=C1)C2=NOC(=N2)C(F)(F)F)C(=O)C3CC3
748,1,359,Clc1cccc(c1)N(C2CCOC2=O)C(=O)C3CC3
749,1,357,CC(C1CC1)C(O)(Cn2cncn2)c3ccc(Cl)cc3
750,1,356,CC(C)(CCl)C1=NN=C(S1)NC(=O)C2CC2
751,1,347,CCCCOC(=O)C(C)Oc1ccc(Oc2ccc(cc2F)C#N)cc1
771,1,317,Cc1ccccc1Oc2cccnn2
774,1,305,COP(=S)(OC)SCC1=NC=C(S1)Cl
809,1,191,CN(C)C(CSC(N)=O)CSC(N)=O
775,1,298,C1=CC2=C(C=CC(=C2N=C1)OCC(=O)O)Cl
794,1,238,CCO[P](=S)(OCC)SCCl
795,1,233,C1=CC=C2C3=C(C=C(C=C3)Cl)C(C2=C1)C(=O)O
796,1,231,FC(F)(F)c1[nH]c2ccc(Cl)c(Cl)c2n1
797,1,228,C1=CC(=CC=C1CC(C(=O)O)Cl)Cl
798,1,226,CC(O)(c1ccc(Cl)cc1)c2ccc(Cl)cc2
799,1,225,Clc1ccccc1c2[nH]c3ccccc3n2
800,1,224,CCOCn1c(c2ccc(Cl)cc2)c(C#N)c(Br)c1C(F)(F)F
801,1,221,CCO[P](=S)(OCC)OC(Cl)C(Cl)(Cl)Cl
802,1,216,ClCC1C(CCl)C2(Cl)C(=C(Cl)C1(Cl)C2(Cl)Cl)Cl
803,1,209,ClC1=C(Cl)C(=O)C(=C(Cl)C1=O)Cl
804,1,207,Nc1cc(Cl)cc(C(O)=O)c1Cl
805,1,203,CN1C(=O)Sc2cccc(Cl)c12
806,1,194,CCN(CC)C(=O)CCl
807,1,193,CC(=C)C1CC=C(C)C(=O)C1
808,1,192,CC(C)c1ccc(C)c(O)c1
793,1,243,[O-][N+](=O)c1cc(c2ccccc2c1Cl)[N+]([O-])=O
792,1,246,CN(C)C(=S)Nc1ccc(Cl)cc1C
791,1,248,COc1cc(Cl)c(OC)cc1Cl
782,1,274,CC(C)C12CCC(C)(O1)C(C2)OCc3ccccc3C
776,1,297,OC(=O)c1nc(Cl)ccc1Cl
777,1,292,CC(Oc1ccc(Cl)c(C)c1Cl)C(=O)Nc2ccccc2
778,1,289,CC(C)(Oc1ccc(Cl)cc1)C(O)=O
779,1,286,CCC1=C(C(O)=O)C(=O)C=NN1c2ccc(Cl)cc2
780,1,278,CC1CCC(C)N1C(=O)Nc2ccccc2
781,1,277,CCC(C#N)(C(N)=O)c1ccccc1
783,1,273,CC(C)C12CCC(O1)(C(C2)OCC3=C(C=CC=C3Br)F)C
790,1,257,Oc1c(Cl)cc(cc1Cl)C#N
784,1,270,Cc1cc(C)cc(c1)C(=O)N(NC(=O)c2ccc3OCCCc3c2C)C(C)(C)C
785,1,269,CCOC(=O)C1(C)OC(=O)N(C1=O)c2cc(Cl)cc(Cl)c2
786,1,267,NC(=S)c1c(Cl)cccc1Cl
787,1,264,Clc1c(Cl)c(Cl)c2nccnc2c1Cl
788,1,260,CCC(CCl)NC(=O)OC1=CC=CC(=C1)NC(=O)OC
789,1,259,CCO[P](=S)(OCC)Oc1nn2cc(C)cnc2c1Cl
589,1,774,OC1(CCCCCC1n2cncn2)c3ccc(Cl)cc3
442,1,1205,CC1=NC(=CC=C1)CO/N=C(\C)/C2=CC(=C(C=C2)Cl)CNC(=O)OC
587,1,792,[O-][N+](=O)NC1=NCCN1Cc2sc(Cl)nc2
401,1,1303,Cc1cc(C)c(c(C)c1)C2=C(OC(=O)CC(C)(C)C)C3(CCCC3)OC2=O
385,1,1354,Clc1ccc(cc1)N2N=N[C@@H]3[C@@H]4C[C@@H]([C@H]5N=N[C@@H]45)[C@H]23
386,1,1347,CCO[P](=S)(OCC)SCSC(C)(C)C
387,1,1344,CC1=C(Cl)C(=O)N(C(=O)N1)C(C)(C)C
388,1,1336,CC1=C(N=C2C(=CC(=CC2=C1OC(=O)C)C(C)(C)C)F)C
389,1,1334,CCc1ccc(cc1)C(=O)NN(C(=O)c2cc(C)cc(C)c2)C(C)(C)C
390,1,1327,CC1(C(=O)N(C(=NOC(=O)NC)S1)C)C
391,1,1326,ClC(Cl)(Cl)CC(=C)c1ccccc1
392,1,1322,CN[S](=O)(=O)OCC(=O)N1CCCCCC1
393,1,1321,CCCCCCCC[S](=O)C(C)Cc1ccc2OCOc2c1
394,1,1320,CC(C1=CN=C(C=C1)C(F)(F)F)S(=NC#N)(=O)C
395,1,1314,CC1=CC(=C(C=C1S(=O)CC(F)(F)F)N2CC3=CC=CC=C3C2=O)F
396,1,1313,CC1=NN(C(=O)N1C(F)F)c2cc(N[S](C)(=O)=O)c(Cl)cc2Cl
397,1,1308,CC(O)CCC=C(C)C
398,1,1307,O=C1C[C@@H]2OCC=C3CN4CC[C@@]56[C@@H]4C[C@@H]3[C@@H]2[C@@H]5N1c7ccccc67
399,1,1305,CCCN(CC)CC1COC2(CCC(CC2)C(C)(C)C)O1
384,1,1355,CN1C[C@@H]([C@H](C1=O)C(=O)NC2=CC=CC=C2F)C3=CC(=CC=C3)C(F)(F)F
383,1,1359,CN(C)C(=O)Nc1cccc(OC(F)(F)C(F)F)c1
382,1,1361,COc1ccsc1CN(C(=O)CCl)c2c(C)cccc2C
373,1,1379,C1=CC=C2C(=C1)C(=O)N(C2=O)CSC3=CC=C(C=C3)Cl
367,1,1394,CSc1c(N)nc(N)nc1Cl
368,1,1391,CCN(C1=C(N=C(S1)C2=CN=CC=C2)Cl)C(=O)CCS(=O)(=O)C
369,1,1390,CC1=C(C=C(C=C1)NC(=O)C2=C(N=NS2)C)Cl
370,1,1388,S=C1Sc2nc3ccccc3nc2S1
371,1,1384,CCO[P](=S)(OCC)Oc1cnccn1
372,1,1382,CN(C)[P](=S)(N(C)C)N(C)C
374,1,1376,CC1=C(C(=CS1)C(=O)O)S(=O)(=O)NC(=O)N2C(=O)N(C(=N2)OC)C
381,1,1364,Clc1ccc(CN2CCSC2=NC#N)cn1
375,1,1375,O=C(Nc1snnc1)Nc2ccccc2
376,1,1374,CCS(=O)C1=C(C(=C(S1)C#N)Cl)C#N
377,1,1372,COC(=O)c1c(CC(C)C)c(C2=NCCS2)c(nc1C(F)F)C(F)(F)F
378,1,1369,Clc1ccccc1C(=O)\C(C#N)=C2\NC(=CS2)c3ccccc3
379,1,1367,CN1COCN(Cc2sc(Cl)nc2)/C1=N/[N+]([O-])=O
380,1,1366,CN=C1N(C(=NC(F)(F)F)C(=NC(F)(F)F)S1)C2=CC=C(C=C2)Cl
400,1,1304,CCOC(=O)OC1=C(C(=O)N(C12CCN(CC2)OC)C)C3=C(C=C(C=C3C)Cl)C
402,1,1302,CCC(C)(C)C(=O)OC1=C(C(=O)OC12CCCCC2)c3ccc(Cl)cc3Cl
365,1,1396,CC1=CC(=CC(=C1OC)C(=O)N(C)C)N=C=S
403,1,1301,CC1=CC(=CC(=C1C2=C(C3(CCC4(CC3)OCCO4)NC2=O)O)C)Cl
422,1,1237,Clc1cc(cc(OCc2occc2)n1)C(Cl)(Cl)Cl
423,1,1236,COc1cc(cc(Cl)n1)C(Cl)(Cl)Cl
424,1,1235,COC1=CC(=NC2=NC(=NN12)NS(=O)(=O)C3=C(C=CN=C3OC)C(F)(F)F)OC
425,1,1234,CC1(CC(=NO1)S(=O)(=O)CC2=C(N(N=C2C(F)(F)F)C)OC(F)F)C
426,1,1233,O=C1CCc2cccc3CCN1c23
427,1,1232,CN(C)C(=O)Oc1cc(C)nn1c2ccccc2
428,1,1231,COC1=CC(=NC(=N1)SC2=C(C(=CC=C2)Cl)C(=O)O)OC
429,1,1229,CC(COc1ccc(Oc2ccccc2)cc1)Oc3ccccn3
430,1,1228,OCCCc1ccccn1
431,1,1227,CC1=CC(=C(C(=C1C(=O)C2=C(C(=CN=C2OC)Cl)C)OC)OC)OC
432,1,1224,COCC1=C(C(=CC=C1)C(C2=NC(=CC(=N2)OC)OC)O)NS(=O)(=O)C(F)F
433,1,1220,CCOCCc1ccc(OCCNc2ncnc(CC)c2Cl)c(C)c1C
434,1,1216,CC1C2=C(C(=CC=C2)SC3=NC(=CC(=N3)OC)OC)C(=O)O1
435,1,1215,CC(=O)N1C2=C(CN(C1=O)NCC3=CN=CC=C3)C=C(C=C2)C(C(F)(F)F)(C(F)(F)F)F
436,1,1214,CO\N=C(\Cc1cccnc1)c2ccc(Cl)cc2Cl
421,1,1240,CC(=O)c1ccc(O)c2ncccc12
420,1,1243,C1=CC=C2C(=C1)C(=NC=N2)NCCOC3=NN(C=C3)C4=CC=C(C=C4)Cl
419,1,1248,CC1(C(C2=CC=CC=C2C(=N1)C3=CC4=CC=CC=C4N=C3)(F)F)C
410,1,1277,CN(C)[P](=O)(O[P](=O)(N(C)C)N(C)C)N(C)C
404,1,1294,C[Si](C)(C)CC(CN1C=NC=N1)(C2=CC=C(C=C2)F)O
405,1,1288,Clc1ccc(cc1)[Si]23OCCN(CCO2)CCO3
406,1,1287,CCC(C)OC(=O)C1CC=CCC1C
407,1,1286,CC1CCCCC1NC(=O)Nc2ccccc2
408,1,1284,CCCC(=NOCC)C1=C(CC(CC1=O)CC(C)SCC)O
409,1,1282,C1Oc2ccc(O[C@H]3OC[C@H]4[C@@H]3CO[C@@H]4c5ccc6OCOc6c5)cc2O1
411,1,1275,C[C@H]1[C@@H]2CC[C@@]3(C)C=CC(=O)C(=C3[C@H]2OC1=O)C
418,1,1250,ClC(Cl)C(=O)NC1=C(Cl)C(=O)c2ccccc2C1=O
412,1,1266,C1=CC(=C(C(=C1)Cl)C2=CC(=NO2)C(F)F)OC3=NC=C(C=N3)Cl
413,1,1258,Cc1cc(C)n(n1)c2[nH]c3ccccc3n2
414,1,1257,CCCOC(=O)c1ccc(nc1)C(=O)OCCC
415,1,1253,CCO[P](=S)(Oc1cccc2cccnc12)c3ccccc3
416,1,1252,Fc1ccc(Oc2ccnc3cc(Cl)cc(Cl)c23)cc1
417,1,1251,CCO[P](=S)(OCC)Oc1cc(C)nc2ccccc12
366,1,1395,C1=CC=C(C=C1)C2=NOC(=N2)C3=CC=CS3
364,1,1397,CO[P](=S)(OC)Oc1c(Cl)cc(C)cc1Cl
438,1,1209,CC1=C(C(=C(N=N1)Cl)C2=C(C=CC=C2F)F)C3=CC=CC=C3
327,1,1482,Clc1ccc(cc1)C(=O)NCOCCC#N
244,1,844,CC(Oc1ccc(Oc2ncc(Cl)cc2Cl)cc1)C(=O)N3CCCO3
251,1,789,CC(C)C1(C)N=C(NC1=O)c2nc3ccccc3cc2C(O)=O
260,1,743,[O-][N+](=O)c1ccc(Oc2ccc(cc2Cl)C(F)(F)F)cc1OC3CCOC3
269,1,697,COc1cc(OC)nc(NC(=O)N[S](=O)(=O)c2nc(ccc2C(O)=O)C(F)(F)F)n1
286,1,557,CCC1=CC=CC=C1N(COCC)C(=O)CCl
296,1,448,CC(Oc1ccc(Oc2ccc(cc2)C(F)(F)F)cc1)\C=C\C(O)=O
299,1,412,CCO[P](=S)(OCC)Oc1ccc(Cl)cc1Cl
302,1,387,CC(C)COCN(C(=O)CCl)c1c(C)cccc1C
304,1,344,COc1cc(OC)nc(NC(=O)N[S](=O)(=O)Nc2ccccc2C(=O)C3CC3)n1
309,1,283,CC(C)(C)C(=O)C(Oc1ccc(Cl)cc1)n2ccnc2
311,1,275,COCCOc1ccccc1[S](=O)(=O)NC(=O)Nc2nc(OC)nc(OC)n2
313,1,245,CCCCN(C)C=NC1=C(C=C(C=C1)Cl)C
317,1,156,Clc1ccc(c(Cl)c1)C2(CC(Br)CO2)Cn3cncn3
324,1,1492,COC(=O)c1cnn(c2ccccn2)c1[S](=O)(=O)NC(=O)Nc3nc(C)cc(C)n3
325,1,1489,CCC(C)(NC(=O)c1cc(Cl)c(C)c(Cl)c1)C(=O)CCl
242,1,848,CC(C)=CC1C(C(=O)OCc2oc(CC=C)cc2)C1(C)C
213,1,1057,Cc1cc(C)nc(NC(=O)N[S](=O)(=O)c2ccccc2C(=O)OC3COC3)n1
197,1,1151,CC(C)(Nc1nc(Cl)nc(NC2CC2)n1)C#N
126,1,728,CC(C)Nc1nc(NC(C)C)nc(SC(F)F)n1
36,1,990,CN(C)C(=O)Nc1ccc(Cl)cc1.OC(=O)C(Cl)(Cl)Cl
39,1,328,CCNc1nc(NC(C)(C)C#N)nc(SC)n1
67,1,1046,CCCN(CCC)c1c(cc(cc1[N+]([O-])=O)[S](N)(=O)=O)[N+]([O-])=O
76,1,285,CNC(=O)Oc1ccccc1OC(CCl)OC
106,1,1147,OC(=O)c1ccccc1[S](=O)(=O)NC(=O)Nc2nc(OC(F)F)cc(OC(F)F)n2
116,1,907,COCCCNc1nc(Cl)nc(NC(C)C)n1
130,1,632,OCCOc1cc(Cl)c(Cl)cc1Cl
196,1,1160,COc1nc(NC(C)C)nc(NC(C)C)n1
134,1,507,CCSc1nc(NC(C)C)nc(NC(C)C)n1
136,1,449,COc1ccc(Oc2ccc(NC(=O)N(C)C)cc2)cc1
144,1,213,CCN(CC)c1nc(Cl)nc(n1)N(CC)CC
145,1,182,CCNC(=O)[C@H](C)OC(=O)Nc1ccccc1
158,1,1476,CC(C)N(C(=O)CCl)c1cccc(C)c1C
180,1,1274,Oc1ccccc1C(=O)Nc2ccccc2
326,1,1487,CCCSP(=O)(OCC)SCC1=CC(=NO1)C
328,1,1477,Cc1cccc(C)c1O
363,1,1399,CCN(C1=C(C=C(C=C1)Cl)[N+](=O)[O-])S(=O)(=O)C2=CC=C(C=C2)C
329,1,1470,CC#CCOC(C)C1=CC(=C(C=C1)OC)OC
348,1,1438,Clc1cc(Cl)cc(c1)C2(CO2)CC(Cl)(Cl)Cl
349,1,1437,Cc1cccc2sc3nncn3c12
350,1,1433,C1(=C(C(=C(C(=C1Cl)[N+](=O)[O-])Cl)[N+](=O)[O-])Cl)[N+](=O)[O-]
351,1,1428,Clc1cccc(c1)N2CCN(C2C(Cl)(Cl)Cl)c3cccc(Cl)c3
352,1,1424,CCO[P](=S)(OCC)Oc1ncn(n1)c2ccccc2
353,1,1423,CC1=CC(=CC=C1)N2C(=NC(=N2)C(=O)N)C3=CC=CC=C3
354,1,1422,CC1=CC(=CC(=C1)OCC(C)NC2=NC(=NC(=N2)N)C(C)(C)F)C
355,1,1420,CCOC(=O)CSc1nc(nn1C(=O)N(C)C)C(C)(C)C
356,1,1417,CC(C)(C)C(O)\C(=C/C1CCCCC1)n2cncn2
357,1,1416,CN(C)[P](=O)(N(C)C)n1nc(nc1N)c2ccccc2
358,1,1414,CN(C1=C(C=CC=C1F)C(=O)C2=NC(=NC(=N2)OC)OC)S(=O)(=O)C(F)F
359,1,1410,C1CN1c2nc(nc(n2)N3CC3)N4CC4
360,1,1406,FC(F)(F)c1[nH]c(c2ccc(Cl)cc2)c(C#N)c1Br
361,1,1405,CCC(=NOCC)C1=C(CC(CC1=O)C2=C(C=C(C=C2C)C)C)O
362,1,1400,CC1=CC=C(C=C1)C(=O)NC[C@H](C(C)C)NC(=O)OCC(F)(F)F
347,1,1440,C1CN(CCO1)C(c2ccccc2)(c3ccccc3)c4ccccc4
346,1,1443,CN1C(=O)N(C(=O)N(C1=S)C)C2=CC3=C(C=C2F)OC(C(=O)N3CC#C)(F)F
345,1,1444,COC1=CC=CC=C1C2C(CC(=O)O2)C(=O)OCCC(=C(F)F)F
336,1,1460,CC1(CC/C(=C\C2=CC=C(C=C2)Cl)/C1(CN3C=NC=N3)O)C
330,1,1468,CNC(=O)CCSCCS[P](=O)(OC)OC
331,1,1467,CC(C)CC(=O)C1C(=O)c2ccccc2C1=O
332,1,1466,CC(C)[C@@H](C(=O)NC(CC(=O)OC)C1=CC=C(C=C1)Cl)NC(=O)OC(C)C
333,1,1465,CCOC(=O)N[P](=O)(N1CC1)N2CC2
334,1,1462,CCN(C1=CN(N=C1Cl)C2=CN=CC=C2)C(=O)CCSCCC(F)(F)F
335,1,1461,COC1=NC(=NC(=N1)NC(=O)NS(=O)(=O)C2=CC=CC=C2C(F)(F)F)C(F)(F)F
337,1,1458,CC(O)COCc1c(Cl)ccc(Cl)c1Cl
344,1,1446,CN1C(=CC(=O)N(C1=O)C2=CC3=C(C=C2F)OCC(=O)N3CC#C)C(F)(F)F
338,1,1457,CC(C)[C@]12O[C@H]1[C@@H]3O[C@@]34[C@@]5(C)CCC6=C(COC6=O)[C@@H]5C[C@@H]7O[C@]47[C@@H]2O
339,1,1456,CCC(=O)C1=C(C2=C(C=C1C(C)C)C(CC2)(C)C)C
340,1,1453,COC(=Nc1ccc(Cl)cc1)N(C)C
341,1,1452,CNC(=O)Oc1cc(C)cc(C)c1C
342,1,1450,CC1CC(Cl)CCC1C(=O)OC(C)(C)C
343,1,1448,CN(C)c1nc(NC(=O)N[S](=O)(=O)c2c(C)cccc2C(O)=O)nc(OCC(F)(F)F)n1
437,1,1210,ClC1=CC(=O)C(=NN1)c2ccccc2
439,1,1208,CC(C)(C)N1N=CC(=C(Cl)C1=O)SCc2ccc(cc2)C(C)(C)C
586,1,793,OC(c1ccccc1)c2cc(Cl)ccc2NC(=O)c3ccncc3
550,1,885,CCOC(=O)N(C)C(=O)CS[P](=S)(OCC)OCC
534,1,928,CN1C(=O)ON(C1=O)c2ccc(Cl)c(Cl)c2
535,1,927,CNC(=O)Sc1ccc(O[S](C)(=O)=O)cc1
536,1,924,CC1CN1[P](=O)(N2CC2C)N3CC3C
537,1,922,CNC(=O)NC1=CC=C(C=C1)S(=O)(=O)NC(=O)C2=CC=CC=C2OC
538,1,921,CC\1=NOC(=O)C1=N\Nc2cccc(Cl)c2
539,1,919,Cc1cccc(C)c1N(Cn2cccn2)C(=O)CCl
540,1,917,CCC(=O)OC1=C(C=CN=C1C(=O)N[C@@H](C)C(=O)O[C@@H](C)[C@@H](C)C2=CC=CC=C2C)OC
541,1,916,CC1=NN=C(c2ccccc2)C(=O)N1N
542,1,915,CC1OC(C)OC(C)OC(C)O1
543,1,909,CO[P](=S)(OC)Oc1ccc(c(C)c1)[S](C)=O
544,1,904,CC1CCN(CC1)C2=C(C(=NC3=NC=NN23)Cl)C4=C(C=C(C=C4F)F)F
545,1,902,CNC(=O)Oc1ccc(Cl)cc1
546,1,894,CC1(CC(=NN1C2=C(C=C(C=C2)Cl)Cl)C(=O)O)C(=O)O
547,1,892,CN(C(=O)COc1sc2ccccc2n1)c3ccccc3
548,1,891,Cc1c(cc(c(O)c1[N+]([O-])=O)C(C)(C)C)[N+]([O-])=O
533,1,929,Cc1oc(C)c(C(=O)Nc2ccccc2)c1C
532,1,934,CC1CN1[P](=S)(N2CC2C)N3CC3C
531,1,936,CN(C)C(=S)Nc1cccc(C)c1
522,1,949,CN(C(=O)NC(C)(C)c1ccccc1)c2ccccc2
516,1,962,COC1=NN(C(=O)O1)c2ccccc2OC
517,1,961,COc1cc(OC)n2nc(nc2n1)[S](=O)(=O)Nc3c(Cl)ccc(C)c3Cl
518,1,960,CNC(=O)C(=N/OC)\c1ccccc1Oc2ccccc2
519,1,958,COCC1CC(=O)N(C1=O)c2cc(Cl)cc(Cl)c2
520,1,956,CCc1cccc(C)c1N(C(C)COC)C(=O)CCl
521,1,954,CC1(CC(OC2=C1C=CC(=C2)OC3=CC=C(C=C3)NC(=O)N(C)OC)(C)OC)C
523,1,948,CCOC(=O)CS[P](=O)(OC)OC
530,1,938,COCCCNc1nc(NCCCOC)nc(OC)n1
524,1,946,COc1ccc(CC=C)cc1OC
525,1,945,COc1ccc(cc1C)C(=O)c2cccc(C)c2
526,1,944,COc1cccc(C(=O)NN(C(=O)c2cc(C)cc(C)c2)C(C)(C)C)c1C
527,1,943,COc1ccc(cc1)C(c2ccc(OC)cc2)C(Cl)(Cl)Cl
528,1,942,COCc1ccc(COC(=O)C2C(C=C(C)C)C2(C)C)cc1
529,1,941,CCCCOC(=O)c1c(C)cnc2ccccc12
549,1,887,COC(=O)N(C)C(=O)CS[P](C)(=S)OC
551,1,876,O=C1CCC[C@@H]2[C@H]3CCCN4CCC[C@@H](CN12)[C@@H]34
514,1,965,COc1ccc(Br)c(C)c1C(=O)c2c(C)cc(OC)c(OC)c2OC
552,1,875,COC1=C(C=CC(=C1)CCNC(=O)C(C2=CC=C(C=C2)Cl)OCC#C)OCC#C
571,1,823,CC1=C(SC=C1)C(=O)NC(C)(C)C(=O)C2=C(C=C(C=C2)OC(C)C)C
572,1,816,CCO[P](=S)(OCC)Oc1nn(C(C)C)c(Cl)n1
573,1,815,CCOP(=O)(NC(C)C)SCC(=O)N(C)C1=CC=CC=C1
574,1,813,CC1=NN=C(O1)NC(=O)C2=CC=C(N3C2=NN=C3CS(=O)(=O)C(C)C)C(F)(F)F
575,1,812,CC[S](=O)CS[P](=S)(OC(C)C)OC(C)C
576,1,811,CC(C)C[C@H](O)CC(=C)C=C
577,1,810,CC(C)NC1=CC(=NC(=N1)N)Cl
578,1,809,CC1=CC=C(C=C1)C(C)NC(=O)[C@H](C(C)C)NC(=O)OC(C)C
579,1,806,CC1=C(C=C2C=CC(=C(C2=N1)F)F)OC3=C(C(=CC=C3)F)C(C)(C)O
580,1,804,CC(C)N(C1=C(C=C(C=C1)F)F)C(=O)N2C=NN(C2=O)C3=C(C=C(C=C3)Cl)Cl
581,1,798,COC(=O)N(C(=O)N1CO[C@]2(Cc3cc(Cl)ccc3C2=N1)C(=O)OC)c4ccc(OC(F)(F)F)cc4
582,1,797,C1=CC(=C(C2=C1C=CN2)F)C3=NC(=C(C(=C3F)N)Cl)C(=O)O
583,1,796,C[C@H]1CC2=C([C@@H]1NC3=NC(=NC(=N3)N)C(C)F)C=C(C=C2)C
584,1,795,CC1(CC1)NC(=O)C2=CC=CC3=NN(C=C32)C4=CN=CC=C4
585,1,794,CCC1(C(=O)C2=CC=CC=C2C1=O)CC3(CO3)C4=CC(=CC=C4)Cl
570,1,825,CC(C)n1nc(C)cc1OC(=O)N(C)C
569,1,826,CSC1=NN=C(C(=O)N1\N=C\C(C)C)C(C)(C)C
568,1,827,CN(C)C(=O)NC1CCC2C3CCC(C3)C12
559,1,856,CN(C)C(=O)Nc1cccc(OC(=O)NC(C)(C)C)c1
553,1,874,CC1=CC(=C(C=C1)C)OCC2=CC=CC=C2C(C(=O)NC)OC
554,1,873,CC(C)(C)c1cc(C=C(C#N)C#N)cc(c1O)C(C)(C)C
555,1,865,C[C@]12C[C@@H]3[C@H]1C(O[C@H](C2)O3)(C)C
556,1,862,O=C1NC2=C(CCC2)C(=O)N1C3CCCCC3
557,1,861,CC(O)/C=C/C1C(=CCCC1(C)C)C
558,1,858,CC1=CC(=C(C2=C1S(=O)(=O)CCC23OCCO3)C)C(=O)C4C(=O)CCCC4=O
560,1,853,ClC(Cl)C(=O)N(CC=C)CC(=O)NCC=C
567,1,828,CC(C)SC(=O)N1CCCCCC1
561,1,852,CC1(OCCO1)C(Cl)Cl
562,1,850,CC\C=C/C[C@@H]1[C@H](CCC1=O)CC(O)=O
563,1,845,CCO[P](=S)(OCC)Oc1cc(on1)c2ccccc2
564,1,842,OC(=O)C1=NOC(C1)(c2ccccc2)c3ccccc3
565,1,836,C1=CC=C(C(=C1)C#N)NC(=O)C2=C(C(=NS2)Cl)Cl
566,1,835,CO[P](=S)(OC)SCCSC(C)C
515,1,964,CC#CC1=CC(=C(C=C1)C2=C(C3CCC(C3)C2=O)OC(=O)OC)OC
513,1,967,Cc1sc(C(=O)Nc2ccccc2)c(C)n1
440,1,1207,ClC1=C(Cl)C(=O)C(=CN1)Cl
476,1,1102,CCN(C(=O)Oc1cccc(NC(=O)OC(C)C)c1)c2ccccc2
460,1,1157,CCC(=O)C1C(=O)CC(CC1=O)C(O)=O
461,1,1154,C1[C@@H](CN2[C@H]1C(=O)N(C2=O)C3=C(C=C(C(=C3)NS(=O)(=O)CCl)Cl)F)F
462,1,1152,CC12CC1(C)C(=O)N(C2=O)c3cc(Cl)cc(Cl)c3
463,1,1150,OC(C1CC1)(c2ccc(Cl)cc2)c3ccc(Cl)cc3
464,1,1149,CCCN(CCOc1c(Cl)cc(Cl)cc1Cl)C(=O)n2ccnc2
465,1,1148,C=CCOC1=N[S](=O)(=O)c2ccccc12
466,1,1127,CCCO[P](=S)(OCCC)SCC(=O)N1CCCCC1C
467,1,1126,CCCCCCC1=CC(=O)CC(C1)c2ccc3OCOc3c2
468,1,1125,CCCCOCCOCCOCc1cc2OCOc2cc1CCC
469,1,1124,CC1CCCCN1CCCOC(=O)c2ccc(Cl)c(Cl)c2
470,1,1123,CCc1cc(C)cc(CC)c1C2=C(OC(=O)C(C)(C)C)N3CCOCCN3C2=O
471,1,1121,C1=CC(=CC(=C1)OC2=CC=CC(=N2)C(=O)NC3=CC=C(C=C3)F)C(F)(F)F
472,1,1120,Nc1c(Cl)c(Cl)nc(C(O)=O)c1Cl
473,1,1116,CCCSP(=O)(OCC)OC1=CC=CC=C1OC(=O)NC
474,1,1113,CCCN(CCC)C(=O)CN(CC)[P](=S)(OCC)OCC
459,1,1173,CCCOC1=NN(C(=O)N1C)C(=O)NS(=O)(=O)C2=CC=CC=C2C(=O)OC
458,1,1174,CCCOC(=O)C1C(C)Cc2cc3OCOc3cc2C1C(=O)OCCC
457,1,1178,CCCN(CCC)C(=O)SCc1ccccc1
448,1,1194,CN1C(=C(C(=N1)C2=CC(=C(C=C2F)Cl)OCC(=O)O)Cl)OC(F)F
441,1,1206,COc1cccc(n1)N(C)C(=S)Oc2cccc(c2)C(C)(C)C
443,1,1204,CC(C)OC(=O)C1=CC=C(C=C1)NCC2=CC=CC=C2OC3=NC(=CC(=N3)OC)OC
444,1,1201,CCO[P](=S)(OCC)Oc1cc(C)[nH]n1
445,1,1199,CCOC(=O)c1cn2nc(O[P](=S)(OCC)OCC)cc2nc1C
446,1,1197,C1=CC=C(C(=C1)C2=CC(=C(C=C2)F)F)NC(=O)C3=NC=CN=C3C(F)(F)F
447,1,1195,CCCc1nc(C)cc(OC(=O)N(C)C)n1
449,1,1193,CON(C(=O)OC)c1ccccc1COc2ccn(n2)c3ccc(Cl)cc3
456,1,1181,OC(CN1NC=NC1=S)(Cc2ccccc2Cl)C3(Cl)CC3
450,1,1192,CN(CC#C)C1=C(C=NN1C2=NN3CCCCC3=C2Cl)C#N
451,1,1191,CCCSP(=O)(OCC)OC1=CN(N=C1)C2=CC=C(C=C2)Cl
452,1,1190,CC1=C(CCCO1)C(=O)Nc2ccccc2
453,1,1189,CC1=NNC(=O)N(C1)\N=C\c2cccnc2
454,1,1188,CC(CC1=C(C=C(C=C1Cl)Cl)Cl)N(C(=O)C2=CN(N=C2C(F)F)C)OC
455,1,1183,CCO[P](=S)(OCC)SCC(=O)NC(C)C
475,1,1107,CCC[S](=O)c1cc(Oc2ccc(cc2)[N+]([O-])=O)ccc1Cl
477,1,1099,CCOCCN(C(=O)CCl)C(=C(C)C)c1ccccc1
512,1,969,CC1=C(C(=CC=C1)N2C(=O)N(N=N2)C)COC3=NN(C=C3)C4=CC=C(C=C4)Cl
478,1,1096,Cc1cc(ccc1N[S](=O)(=O)C(F)(F)F)[S](=O)(=O)c2ccccc2
497,1,1033,ClC(CC(Cl)(Cl)Cl)OC(Cl)CC(Cl)(Cl)Cl
498,1,1032,ClC1=C(Cl)C(Cl)(Cl)C(Cl)(Cl)C(Cl)(Cl)C1=O
499,1,1024,CC1CC(=O)C=C2CCC(CC12C)C(C)=C
500,1,1017,CN1CCC[C@H]1c2cccnc2
501,1,1006,CC(Oc1ccc2ccccc2c1)C(=O)Nc3ccccc3
502,1,1005,O=C1C(C(=O)c2ccccc12)c3cccc4ccccc34
503,1,1001,c1ccc2ccccc2c1
504,1,996,CC[C@]12[C@H](C[C@H]([C@H](O1)CO2)C)C
505,1,993,S=[P](N1CCOCC1)(N2CC2)N3CC3
506,1,992,CO[P](=S)(OC)SCC(=O)N1CCOCC1
507,1,991,CC1COCC(N1C(=O)C[N+]2=CC=C(C=C2)C3=CC=[N+](C=C3)CC(=O)N4C(COCC4C)C)C
508,1,981,CCCC(C)(C)C(=O)Nc1ccc(Cl)cc1
509,1,980,CCSC(=O)N1CCCCCC1
510,1,978,CN(C(=O)CF)c1cccc2ccccc12
511,1,976,CC(C)N[P](F)(=O)NC(C)C
496,1,1034,CCCCCCCCN1SC=CC1=O
495,1,1037,Cc1cccc(C)c1N(C2CCOC2=O)C(=O)CCl
494,1,1043,Cc1c(Cl)cccc1CC(Cl)C#N
485,1,1065,CCO[P](=S)(OCC)SCC[S](=O)CC
479,1,1095,CC#CCOCC1=CC2=C(C=C1)OCO2
480,1,1094,CC(=C1C(=O)N(C(=O)O1)C2=CC(=C(C=C2F)Cl)OC3CCCC3)C
481,1,1092,CC(C)CC(C)C1=C(C=CS1)NC(=O)C2=CN(N=C2C(F)(F)F)C
482,1,1087,CC1=NN(C(=C1C(=O)NC2=CC=CC=C2C(C)CC(C)C)F)C
483,1,1084,Clc1ccc(CN(C2CCCC2)C(=O)Nc3ccccc3)cc1
484,1,1077,OC(c1ccc(Cl)cc1)(c2ccc(Cl)cc2)c3cccnc3
486,1,1062,CC1=C(C(=O)Nc2ccccc2)[S](=O)(=O)CCO1
493,1,1045,CCCCC(C)CCC(=O)OCC
487,1,1061,CC1(COC(N1C(=O)N2C=CN=C2)(C)CCCC3=CC=C(C=C3)Cl)C
488,1,1060,CCN1C=C(C(O)=O)C(=O)c2cc3OCOc3cc12
489,1,1059,CCS(=O)(=O)C1=C(N=CC=C1)C2=NC3=C(O2)C=CC(=C3)S(=O)(=O)C(F)(F)F
490,1,1058,CC1=C(C(=O)N(CO1)C(C)(C)C2=CC(=CC(=C2)Cl)Cl)C3=CC=CC=C3
491,1,1054,COCC(=O)N(N1CCOC1=O)c2c(C)cccc2C
492,1,1051,C1COC(O1)CO/N=C(\C#N)/C2=CC=CC=C2
883,1,0,CC(/C=C/[C@@]1(O)C(=CC(=O)CC1(C)C)C)=C/C(O)=O
